-- phpMyAdmin SQL Dump
-- version 5.2.1
-- https://www.phpmyadmin.net/
--
-- Host: 127.0.0.1
-- Generation Time: Jan 05, 2026 at 04:30 AM
-- Server version: 10.4.32-MariaDB
-- PHP Version: 8.2.12

SET SQL_MODE = "NO_AUTO_VALUE_ON_ZERO";
START TRANSACTION;
SET time_zone = "+00:00";


/*!40101 SET @OLD_CHARACTER_SET_CLIENT=@@CHARACTER_SET_CLIENT */;
/*!40101 SET @OLD_CHARACTER_SET_RESULTS=@@CHARACTER_SET_RESULTS */;
/*!40101 SET @OLD_COLLATION_CONNECTION=@@COLLATION_CONNECTION */;
/*!40101 SET NAMES utf8mb4 */;

--
-- Database: `pokemon`
--

-- --------------------------------------------------------

--
-- Table structure for table `abilities`
--

CREATE TABLE `abilities` (
  `id` int(11) NOT NULL,
  `name` varchar(100) NOT NULL
) ENGINE=InnoDB DEFAULT CHARSET=utf8mb4 COLLATE=utf8mb4_general_ci;

--
-- Dumping data for table `abilities`
--

INSERT INTO `abilities` (`id`, `name`) VALUES
(1, 'stench'),
(2, 'drizzle'),
(3, 'speed-boost'),
(4, 'battle-armor'),
(5, 'sturdy'),
(6, 'damp'),
(7, 'limber'),
(8, 'sand-veil'),
(9, 'static'),
(10, 'volt-absorb'),
(11, 'water-absorb'),
(12, 'oblivious'),
(13, 'cloud-nine'),
(14, 'compound-eyes'),
(15, 'insomnia'),
(16, 'color-change'),
(17, 'immunity'),
(18, 'flash-fire'),
(19, 'shield-dust'),
(20, 'own-tempo'),
(21, 'suction-cups'),
(22, 'intimidate'),
(23, 'shadow-tag'),
(24, 'rough-skin'),
(26, 'levitate'),
(27, 'effect-spore'),
(28, 'synchronize'),
(29, 'clear-body'),
(30, 'natural-cure'),
(31, 'lightning-rod'),
(32, 'serene-grace'),
(33, 'swift-swim'),
(34, 'chlorophyll'),
(35, 'illuminate'),
(36, 'trace'),
(37, 'huge-power'),
(38, 'poison-point'),
(39, 'inner-focus'),
(40, 'magma-armor'),
(41, 'water-veil'),
(42, 'magnet-pull'),
(43, 'soundproof'),
(44, 'rain-dish'),
(45, 'sand-stream'),
(46, 'pressure'),
(47, 'thick-fat'),
(48, 'early-bird'),
(49, 'flame-body'),
(50, 'run-away'),
(51, 'keen-eye'),
(52, 'hyper-cutter'),
(53, 'pickup'),
(54, 'truant'),
(55, 'hustle'),
(56, 'cute-charm'),
(57, 'plus'),
(58, 'minus'),
(60, 'sticky-hold'),
(61, 'shed-skin'),
(62, 'guts'),
(63, 'marvel-scale'),
(64, 'liquid-ooze'),
(65, 'overgrow'),
(66, 'blaze'),
(67, 'torrent'),
(68, 'swarm'),
(69, 'rock-head'),
(70, 'drought'),
(71, 'arena-trap'),
(72, 'vital-spirit'),
(73, 'white-smoke'),
(74, 'pure-power'),
(75, 'shell-armor'),
(76, 'air-lock'),
(77, 'tangled-feet'),
(79, 'rivalry'),
(80, 'steadfast'),
(81, 'snow-cloak'),
(82, 'gluttony'),
(83, 'anger-point'),
(84, 'unburden'),
(86, 'simple'),
(87, 'dry-skin'),
(88, 'download'),
(89, 'iron-fist'),
(90, 'poison-heal'),
(91, 'adaptability'),
(92, 'skill-link'),
(93, 'hydration'),
(94, 'solar-power'),
(95, 'quick-feet'),
(96, 'normalize'),
(97, 'sniper'),
(98, 'magic-guard'),
(99, 'no-guard'),
(100, 'stall'),
(101, 'technician'),
(102, 'leaf-guard'),
(104, 'mold-breaker'),
(105, 'super-luck'),
(106, 'aftermath'),
(107, 'anticipation'),
(108, 'forewarn'),
(109, 'unaware'),
(110, 'tinted-lens'),
(111, 'filter'),
(113, 'scrappy'),
(114, 'storm-drain'),
(115, 'ice-body'),
(116, 'solid-rock'),
(119, 'frisk'),
(120, 'reckless'),
(124, 'pickpocket'),
(125, 'sheer-force'),
(126, 'contrary'),
(127, 'unnerve'),
(128, 'defiant'),
(130, 'cursed-body'),
(131, 'healer'),
(133, 'weak-armor'),
(134, 'heavy-metal'),
(135, 'light-metal'),
(136, 'multiscale'),
(137, 'toxic-boost'),
(139, 'harvest'),
(140, 'telepathy'),
(141, 'moody'),
(142, 'overcoat'),
(143, 'poison-touch'),
(144, 'regenerator'),
(145, 'big-pecks'),
(146, 'sand-rush'),
(147, 'wonder-skin'),
(148, 'analytic'),
(151, 'infiltrator'),
(153, 'moxie'),
(154, 'justified'),
(155, 'rattled'),
(156, 'magic-bounce'),
(157, 'sap-sipper'),
(158, 'prankster'),
(159, 'sand-force'),
(168, 'protean'),
(172, 'competitive'),
(274, 'wind-rider');

-- --------------------------------------------------------

--
-- Table structure for table `pokemons`
--

CREATE TABLE `pokemons` (
  `id` int(11) NOT NULL,
  `name` varchar(100) NOT NULL,
  `base_experience` int(11) DEFAULT NULL,
  `weight` int(11) DEFAULT NULL,
  `image_path` varchar(255) DEFAULT NULL
) ENGINE=InnoDB DEFAULT CHARSET=utf8mb4 COLLATE=utf8mb4_general_ci;

--
-- Dumping data for table `pokemons`
--

INSERT INTO `pokemons` (`id`, `name`, `base_experience`, `weight`, `image_path`) VALUES
(1, 'bulbasaur', 64, NULL, 'https://raw.githubusercontent.com/PokeAPI/sprites/master/sprites/pokemon/1.png'),
(2, 'ivysaur', 142, 130, 'https://raw.githubusercontent.com/PokeAPI/sprites/master/sprites/pokemon/2.png'),
(3, 'venusaur', 236, 1000, 'https://raw.githubusercontent.com/PokeAPI/sprites/master/sprites/pokemon/3.png'),
(4, 'charmander', 62, NULL, 'https://raw.githubusercontent.com/PokeAPI/sprites/master/sprites/pokemon/4.png'),
(5, 'charmeleon', 142, 190, 'https://raw.githubusercontent.com/PokeAPI/sprites/master/sprites/pokemon/5.png'),
(6, 'charizard', 240, 905, 'https://raw.githubusercontent.com/PokeAPI/sprites/master/sprites/pokemon/6.png'),
(7, 'squirtle', 63, NULL, 'https://raw.githubusercontent.com/PokeAPI/sprites/master/sprites/pokemon/7.png'),
(8, 'wartortle', 142, 225, 'https://raw.githubusercontent.com/PokeAPI/sprites/master/sprites/pokemon/8.png'),
(9, 'blastoise', 239, 855, 'https://raw.githubusercontent.com/PokeAPI/sprites/master/sprites/pokemon/9.png'),
(10, 'caterpie', 39, NULL, 'https://raw.githubusercontent.com/PokeAPI/sprites/master/sprites/pokemon/10.png'),
(11, 'metapod', 72, NULL, 'https://raw.githubusercontent.com/PokeAPI/sprites/master/sprites/pokemon/11.png'),
(12, 'butterfree', 178, 320, 'https://raw.githubusercontent.com/PokeAPI/sprites/master/sprites/pokemon/12.png'),
(13, 'weedle', 39, NULL, 'https://raw.githubusercontent.com/PokeAPI/sprites/master/sprites/pokemon/13.png'),
(14, 'kakuna', 72, 100, 'https://raw.githubusercontent.com/PokeAPI/sprites/master/sprites/pokemon/14.png'),
(15, 'beedrill', 178, 295, 'https://raw.githubusercontent.com/PokeAPI/sprites/master/sprites/pokemon/15.png'),
(16, 'pidgey', 50, NULL, 'https://raw.githubusercontent.com/PokeAPI/sprites/master/sprites/pokemon/16.png'),
(17, 'pidgeotto', 122, 300, 'https://raw.githubusercontent.com/PokeAPI/sprites/master/sprites/pokemon/17.png'),
(18, 'pidgeot', 216, 395, 'https://raw.githubusercontent.com/PokeAPI/sprites/master/sprites/pokemon/18.png'),
(19, 'rattata', 51, NULL, 'https://raw.githubusercontent.com/PokeAPI/sprites/master/sprites/pokemon/19.png'),
(20, 'raticate', 145, 185, 'https://raw.githubusercontent.com/PokeAPI/sprites/master/sprites/pokemon/20.png'),
(21, 'spearow', 52, NULL, 'https://raw.githubusercontent.com/PokeAPI/sprites/master/sprites/pokemon/21.png'),
(22, 'fearow', 155, 380, 'https://raw.githubusercontent.com/PokeAPI/sprites/master/sprites/pokemon/22.png'),
(23, 'ekans', 58, NULL, 'https://raw.githubusercontent.com/PokeAPI/sprites/master/sprites/pokemon/23.png'),
(24, 'arbok', 157, 650, 'https://raw.githubusercontent.com/PokeAPI/sprites/master/sprites/pokemon/24.png'),
(25, 'pikachu', 112, NULL, 'https://raw.githubusercontent.com/PokeAPI/sprites/master/sprites/pokemon/25.png'),
(26, 'raichu', 218, 300, 'https://raw.githubusercontent.com/PokeAPI/sprites/master/sprites/pokemon/26.png'),
(27, 'sandshrew', 60, 120, 'https://raw.githubusercontent.com/PokeAPI/sprites/master/sprites/pokemon/27.png'),
(28, 'sandslash', 158, 295, 'https://raw.githubusercontent.com/PokeAPI/sprites/master/sprites/pokemon/28.png'),
(29, 'nidoran-f', 55, NULL, 'https://raw.githubusercontent.com/PokeAPI/sprites/master/sprites/pokemon/29.png'),
(30, 'nidorina', 128, 200, 'https://raw.githubusercontent.com/PokeAPI/sprites/master/sprites/pokemon/30.png'),
(31, 'nidoqueen', 227, 600, 'https://raw.githubusercontent.com/PokeAPI/sprites/master/sprites/pokemon/31.png'),
(32, 'nidoran-m', 55, NULL, 'https://raw.githubusercontent.com/PokeAPI/sprites/master/sprites/pokemon/32.png'),
(33, 'nidorino', 128, 195, 'https://raw.githubusercontent.com/PokeAPI/sprites/master/sprites/pokemon/33.png'),
(34, 'nidoking', 227, 620, 'https://raw.githubusercontent.com/PokeAPI/sprites/master/sprites/pokemon/34.png'),
(35, 'clefairy', 113, NULL, 'https://raw.githubusercontent.com/PokeAPI/sprites/master/sprites/pokemon/35.png'),
(36, 'clefable', 217, 400, 'https://raw.githubusercontent.com/PokeAPI/sprites/master/sprites/pokemon/36.png'),
(37, 'vulpix', 60, NULL, 'https://raw.githubusercontent.com/PokeAPI/sprites/master/sprites/pokemon/37.png'),
(38, 'ninetales', 177, 199, 'https://raw.githubusercontent.com/PokeAPI/sprites/master/sprites/pokemon/38.png'),
(39, 'jigglypuff', 95, NULL, 'https://raw.githubusercontent.com/PokeAPI/sprites/master/sprites/pokemon/39.png'),
(40, 'wigglytuff', 196, 120, 'https://raw.githubusercontent.com/PokeAPI/sprites/master/sprites/pokemon/40.png'),
(41, 'zubat', 49, NULL, 'https://raw.githubusercontent.com/PokeAPI/sprites/master/sprites/pokemon/41.png'),
(42, 'golbat', 159, 550, 'https://raw.githubusercontent.com/PokeAPI/sprites/master/sprites/pokemon/42.png'),
(43, 'oddish', 64, NULL, 'https://raw.githubusercontent.com/PokeAPI/sprites/master/sprites/pokemon/43.png'),
(44, 'gloom', 138, NULL, 'https://raw.githubusercontent.com/PokeAPI/sprites/master/sprites/pokemon/44.png'),
(45, 'vileplume', 221, 186, 'https://raw.githubusercontent.com/PokeAPI/sprites/master/sprites/pokemon/45.png'),
(46, 'paras', 57, NULL, 'https://raw.githubusercontent.com/PokeAPI/sprites/master/sprites/pokemon/46.png'),
(47, 'parasect', 142, 295, 'https://raw.githubusercontent.com/PokeAPI/sprites/master/sprites/pokemon/47.png'),
(48, 'venonat', 61, 300, 'https://raw.githubusercontent.com/PokeAPI/sprites/master/sprites/pokemon/48.png'),
(49, 'venomoth', 158, 125, 'https://raw.githubusercontent.com/PokeAPI/sprites/master/sprites/pokemon/49.png'),
(50, 'diglett', 53, NULL, 'https://raw.githubusercontent.com/PokeAPI/sprites/master/sprites/pokemon/50.png'),
(51, 'dugtrio', 149, 333, 'https://raw.githubusercontent.com/PokeAPI/sprites/master/sprites/pokemon/51.png'),
(52, 'meowth', 58, NULL, 'https://raw.githubusercontent.com/PokeAPI/sprites/master/sprites/pokemon/52.png'),
(53, 'persian', 154, 320, 'https://raw.githubusercontent.com/PokeAPI/sprites/master/sprites/pokemon/53.png'),
(54, 'psyduck', 64, 196, 'https://raw.githubusercontent.com/PokeAPI/sprites/master/sprites/pokemon/54.png'),
(55, 'golduck', 175, 766, 'https://raw.githubusercontent.com/PokeAPI/sprites/master/sprites/pokemon/55.png'),
(56, 'mankey', 61, 280, 'https://raw.githubusercontent.com/PokeAPI/sprites/master/sprites/pokemon/56.png'),
(57, 'primeape', 159, 320, 'https://raw.githubusercontent.com/PokeAPI/sprites/master/sprites/pokemon/57.png'),
(58, 'growlithe', 70, 190, 'https://raw.githubusercontent.com/PokeAPI/sprites/master/sprites/pokemon/58.png'),
(59, 'arcanine', 194, 1550, 'https://raw.githubusercontent.com/PokeAPI/sprites/master/sprites/pokemon/59.png'),
(60, 'poliwag', 60, 124, 'https://raw.githubusercontent.com/PokeAPI/sprites/master/sprites/pokemon/60.png'),
(61, 'poliwhirl', 135, 200, 'https://raw.githubusercontent.com/PokeAPI/sprites/master/sprites/pokemon/61.png'),
(62, 'poliwrath', 230, 540, 'https://raw.githubusercontent.com/PokeAPI/sprites/master/sprites/pokemon/62.png'),
(63, 'abra', 62, 195, 'https://raw.githubusercontent.com/PokeAPI/sprites/master/sprites/pokemon/63.png'),
(64, 'kadabra', 140, 565, 'https://raw.githubusercontent.com/PokeAPI/sprites/master/sprites/pokemon/64.png'),
(65, 'alakazam', 225, 480, 'https://raw.githubusercontent.com/PokeAPI/sprites/master/sprites/pokemon/65.png'),
(66, 'machop', 61, 195, 'https://raw.githubusercontent.com/PokeAPI/sprites/master/sprites/pokemon/66.png'),
(67, 'machoke', 142, 705, 'https://raw.githubusercontent.com/PokeAPI/sprites/master/sprites/pokemon/67.png'),
(68, 'machamp', 227, 1300, 'https://raw.githubusercontent.com/PokeAPI/sprites/master/sprites/pokemon/68.png'),
(69, 'bellsprout', 60, NULL, 'https://raw.githubusercontent.com/PokeAPI/sprites/master/sprites/pokemon/69.png'),
(70, 'weepinbell', 137, NULL, 'https://raw.githubusercontent.com/PokeAPI/sprites/master/sprites/pokemon/70.png'),
(71, 'victreebel', 221, 155, 'https://raw.githubusercontent.com/PokeAPI/sprites/master/sprites/pokemon/71.png'),
(72, 'tentacool', 67, 455, 'https://raw.githubusercontent.com/PokeAPI/sprites/master/sprites/pokemon/72.png'),
(73, 'tentacruel', 180, 550, 'https://raw.githubusercontent.com/PokeAPI/sprites/master/sprites/pokemon/73.png'),
(74, 'geodude', 60, 200, 'https://raw.githubusercontent.com/PokeAPI/sprites/master/sprites/pokemon/74.png'),
(75, 'graveler', 137, 1050, 'https://raw.githubusercontent.com/PokeAPI/sprites/master/sprites/pokemon/75.png'),
(76, 'golem', 223, 3000, 'https://raw.githubusercontent.com/PokeAPI/sprites/master/sprites/pokemon/76.png'),
(77, 'ponyta', 82, 300, 'https://raw.githubusercontent.com/PokeAPI/sprites/master/sprites/pokemon/77.png'),
(78, 'rapidash', 175, 950, 'https://raw.githubusercontent.com/PokeAPI/sprites/master/sprites/pokemon/78.png'),
(79, 'slowpoke', 63, 360, 'https://raw.githubusercontent.com/PokeAPI/sprites/master/sprites/pokemon/79.png'),
(80, 'slowbro', 172, 785, 'https://raw.githubusercontent.com/PokeAPI/sprites/master/sprites/pokemon/80.png'),
(81, 'magnemite', 65, NULL, 'https://raw.githubusercontent.com/PokeAPI/sprites/master/sprites/pokemon/81.png'),
(82, 'magneton', 163, 600, 'https://raw.githubusercontent.com/PokeAPI/sprites/master/sprites/pokemon/82.png'),
(83, 'farfetchd', 132, 150, 'https://raw.githubusercontent.com/PokeAPI/sprites/master/sprites/pokemon/83.png'),
(84, 'doduo', 62, 392, 'https://raw.githubusercontent.com/PokeAPI/sprites/master/sprites/pokemon/84.png'),
(85, 'dodrio', 165, 852, 'https://raw.githubusercontent.com/PokeAPI/sprites/master/sprites/pokemon/85.png'),
(86, 'seel', 65, 900, 'https://raw.githubusercontent.com/PokeAPI/sprites/master/sprites/pokemon/86.png'),
(87, 'dewgong', 166, 1200, 'https://raw.githubusercontent.com/PokeAPI/sprites/master/sprites/pokemon/87.png'),
(88, 'grimer', 65, 300, 'https://raw.githubusercontent.com/PokeAPI/sprites/master/sprites/pokemon/88.png'),
(89, 'muk', 175, 300, 'https://raw.githubusercontent.com/PokeAPI/sprites/master/sprites/pokemon/89.png'),
(90, 'shellder', 61, NULL, 'https://raw.githubusercontent.com/PokeAPI/sprites/master/sprites/pokemon/90.png'),
(91, 'cloyster', 184, 1325, 'https://raw.githubusercontent.com/PokeAPI/sprites/master/sprites/pokemon/91.png'),
(92, 'gastly', 62, NULL, 'https://raw.githubusercontent.com/PokeAPI/sprites/master/sprites/pokemon/92.png'),
(93, 'haunter', 142, NULL, 'https://raw.githubusercontent.com/PokeAPI/sprites/master/sprites/pokemon/93.png'),
(94, 'gengar', 225, 405, 'https://raw.githubusercontent.com/PokeAPI/sprites/master/sprites/pokemon/94.png'),
(95, 'onix', 77, 2100, 'https://raw.githubusercontent.com/PokeAPI/sprites/master/sprites/pokemon/95.png'),
(96, 'drowzee', 66, 324, 'https://raw.githubusercontent.com/PokeAPI/sprites/master/sprites/pokemon/96.png'),
(97, 'hypno', 169, 756, 'https://raw.githubusercontent.com/PokeAPI/sprites/master/sprites/pokemon/97.png'),
(98, 'krabby', 65, NULL, 'https://raw.githubusercontent.com/PokeAPI/sprites/master/sprites/pokemon/98.png'),
(99, 'kingler', 166, 600, 'https://raw.githubusercontent.com/PokeAPI/sprites/master/sprites/pokemon/99.png'),
(100, 'voltorb', 66, 104, 'https://raw.githubusercontent.com/PokeAPI/sprites/master/sprites/pokemon/100.png'),
(101, 'electrode', 172, 666, 'https://raw.githubusercontent.com/PokeAPI/sprites/master/sprites/pokemon/101.png'),
(102, 'exeggcute', 65, NULL, 'https://raw.githubusercontent.com/PokeAPI/sprites/master/sprites/pokemon/102.png'),
(103, 'exeggutor', 186, 1200, 'https://raw.githubusercontent.com/PokeAPI/sprites/master/sprites/pokemon/103.png'),
(104, 'cubone', 64, NULL, 'https://raw.githubusercontent.com/PokeAPI/sprites/master/sprites/pokemon/104.png'),
(105, 'marowak', 149, 450, 'https://raw.githubusercontent.com/PokeAPI/sprites/master/sprites/pokemon/105.png'),
(106, 'hitmonlee', 159, 498, 'https://raw.githubusercontent.com/PokeAPI/sprites/master/sprites/pokemon/106.png'),
(107, 'hitmonchan', 159, 502, 'https://raw.githubusercontent.com/PokeAPI/sprites/master/sprites/pokemon/107.png'),
(108, 'lickitung', 77, 655, 'https://raw.githubusercontent.com/PokeAPI/sprites/master/sprites/pokemon/108.png'),
(109, 'koffing', 68, NULL, 'https://raw.githubusercontent.com/PokeAPI/sprites/master/sprites/pokemon/109.png'),
(110, 'weezing', 172, NULL, 'https://raw.githubusercontent.com/PokeAPI/sprites/master/sprites/pokemon/110.png'),
(111, 'rhyhorn', 69, 1150, 'https://raw.githubusercontent.com/PokeAPI/sprites/master/sprites/pokemon/111.png'),
(112, 'rhydon', 170, 1200, 'https://raw.githubusercontent.com/PokeAPI/sprites/master/sprites/pokemon/112.png'),
(113, 'chansey', 395, 346, 'https://raw.githubusercontent.com/PokeAPI/sprites/master/sprites/pokemon/113.png'),
(114, 'tangela', 87, 350, 'https://raw.githubusercontent.com/PokeAPI/sprites/master/sprites/pokemon/114.png'),
(115, 'kangaskhan', 172, 800, 'https://raw.githubusercontent.com/PokeAPI/sprites/master/sprites/pokemon/115.png'),
(116, 'horsea', 59, NULL, 'https://raw.githubusercontent.com/PokeAPI/sprites/master/sprites/pokemon/116.png'),
(117, 'seadra', 154, 250, 'https://raw.githubusercontent.com/PokeAPI/sprites/master/sprites/pokemon/117.png'),
(118, 'goldeen', 64, 150, 'https://raw.githubusercontent.com/PokeAPI/sprites/master/sprites/pokemon/118.png'),
(119, 'seaking', 158, 390, 'https://raw.githubusercontent.com/PokeAPI/sprites/master/sprites/pokemon/119.png'),
(120, 'staryu', 68, 345, 'https://raw.githubusercontent.com/PokeAPI/sprites/master/sprites/pokemon/120.png'),
(121, 'starmie', 182, 800, 'https://raw.githubusercontent.com/PokeAPI/sprites/master/sprites/pokemon/121.png'),
(122, 'mr-mime', 161, 545, 'https://raw.githubusercontent.com/PokeAPI/sprites/master/sprites/pokemon/122.png'),
(123, 'scyther', 100, 560, 'https://raw.githubusercontent.com/PokeAPI/sprites/master/sprites/pokemon/123.png'),
(124, 'jynx', 159, 406, 'https://raw.githubusercontent.com/PokeAPI/sprites/master/sprites/pokemon/124.png'),
(125, 'electabuzz', 172, 300, 'https://raw.githubusercontent.com/PokeAPI/sprites/master/sprites/pokemon/125.png'),
(126, 'magmar', 173, 445, 'https://raw.githubusercontent.com/PokeAPI/sprites/master/sprites/pokemon/126.png'),
(127, 'pinsir', 175, 550, 'https://raw.githubusercontent.com/PokeAPI/sprites/master/sprites/pokemon/127.png'),
(128, 'tauros', 172, 884, 'https://raw.githubusercontent.com/PokeAPI/sprites/master/sprites/pokemon/128.png'),
(129, 'magikarp', 40, 100, 'https://raw.githubusercontent.com/PokeAPI/sprites/master/sprites/pokemon/129.png'),
(130, 'gyarados', 189, 2350, 'https://raw.githubusercontent.com/PokeAPI/sprites/master/sprites/pokemon/130.png'),
(131, 'lapras', 187, 2200, 'https://raw.githubusercontent.com/PokeAPI/sprites/master/sprites/pokemon/131.png'),
(132, 'ditto', 101, NULL, 'https://raw.githubusercontent.com/PokeAPI/sprites/master/sprites/pokemon/132.png'),
(133, 'eevee', 65, NULL, 'https://raw.githubusercontent.com/PokeAPI/sprites/master/sprites/pokemon/133.png'),
(134, 'vaporeon', 184, 290, 'https://raw.githubusercontent.com/PokeAPI/sprites/master/sprites/pokemon/134.png'),
(135, 'jolteon', 184, 245, 'https://raw.githubusercontent.com/PokeAPI/sprites/master/sprites/pokemon/135.png'),
(136, 'flareon', 184, 250, 'https://raw.githubusercontent.com/PokeAPI/sprites/master/sprites/pokemon/136.png'),
(137, 'porygon', 79, 365, 'https://raw.githubusercontent.com/PokeAPI/sprites/master/sprites/pokemon/137.png'),
(138, 'omanyte', 71, NULL, 'https://raw.githubusercontent.com/PokeAPI/sprites/master/sprites/pokemon/138.png'),
(139, 'omastar', 173, 350, 'https://raw.githubusercontent.com/PokeAPI/sprites/master/sprites/pokemon/139.png'),
(140, 'kabuto', 71, 115, 'https://raw.githubusercontent.com/PokeAPI/sprites/master/sprites/pokemon/140.png'),
(141, 'kabutops', 173, 405, 'https://raw.githubusercontent.com/PokeAPI/sprites/master/sprites/pokemon/141.png'),
(142, 'aerodactyl', 180, 590, 'https://raw.githubusercontent.com/PokeAPI/sprites/master/sprites/pokemon/142.png'),
(143, 'snorlax', 189, 4600, 'https://raw.githubusercontent.com/PokeAPI/sprites/master/sprites/pokemon/143.png'),
(144, 'articuno', 261, 554, 'https://raw.githubusercontent.com/PokeAPI/sprites/master/sprites/pokemon/144.png'),
(145, 'zapdos', 261, 526, 'https://raw.githubusercontent.com/PokeAPI/sprites/master/sprites/pokemon/145.png'),
(146, 'moltres', 261, 600, 'https://raw.githubusercontent.com/PokeAPI/sprites/master/sprites/pokemon/146.png'),
(147, 'dratini', 60, NULL, 'https://raw.githubusercontent.com/PokeAPI/sprites/master/sprites/pokemon/147.png'),
(148, 'dragonair', 147, 165, 'https://raw.githubusercontent.com/PokeAPI/sprites/master/sprites/pokemon/148.png'),
(149, 'dragonite', 270, 2100, 'https://raw.githubusercontent.com/PokeAPI/sprites/master/sprites/pokemon/149.png'),
(150, 'mewtwo', 306, 1220, 'https://raw.githubusercontent.com/PokeAPI/sprites/master/sprites/pokemon/150.png'),
(151, 'mew', 270, NULL, 'https://raw.githubusercontent.com/PokeAPI/sprites/master/sprites/pokemon/151.png'),
(152, 'chikorita', 64, NULL, 'https://raw.githubusercontent.com/PokeAPI/sprites/master/sprites/pokemon/152.png'),
(153, 'bayleef', 142, 158, 'https://raw.githubusercontent.com/PokeAPI/sprites/master/sprites/pokemon/153.png'),
(154, 'meganium', 236, 1005, 'https://raw.githubusercontent.com/PokeAPI/sprites/master/sprites/pokemon/154.png'),
(155, 'cyndaquil', 62, NULL, 'https://raw.githubusercontent.com/PokeAPI/sprites/master/sprites/pokemon/155.png'),
(156, 'quilava', 142, 190, 'https://raw.githubusercontent.com/PokeAPI/sprites/master/sprites/pokemon/156.png'),
(157, 'typhlosion', 240, 795, 'https://raw.githubusercontent.com/PokeAPI/sprites/master/sprites/pokemon/157.png'),
(158, 'totodile', 63, NULL, 'https://raw.githubusercontent.com/PokeAPI/sprites/master/sprites/pokemon/158.png'),
(159, 'croconaw', 142, 250, 'https://raw.githubusercontent.com/PokeAPI/sprites/master/sprites/pokemon/159.png'),
(160, 'feraligatr', 239, 888, 'https://raw.githubusercontent.com/PokeAPI/sprites/master/sprites/pokemon/160.png'),
(161, 'sentret', 43, NULL, 'https://raw.githubusercontent.com/PokeAPI/sprites/master/sprites/pokemon/161.png'),
(162, 'furret', 145, 325, 'https://raw.githubusercontent.com/PokeAPI/sprites/master/sprites/pokemon/162.png'),
(163, 'hoothoot', 52, 212, 'https://raw.githubusercontent.com/PokeAPI/sprites/master/sprites/pokemon/163.png'),
(164, 'noctowl', 158, 408, 'https://raw.githubusercontent.com/PokeAPI/sprites/master/sprites/pokemon/164.png'),
(165, 'ledyba', 53, 108, 'https://raw.githubusercontent.com/PokeAPI/sprites/master/sprites/pokemon/165.png'),
(166, 'ledian', 137, 356, 'https://raw.githubusercontent.com/PokeAPI/sprites/master/sprites/pokemon/166.png'),
(167, 'spinarak', 50, NULL, 'https://raw.githubusercontent.com/PokeAPI/sprites/master/sprites/pokemon/167.png'),
(168, 'ariados', 140, 335, 'https://raw.githubusercontent.com/PokeAPI/sprites/master/sprites/pokemon/168.png'),
(169, 'crobat', 241, 750, 'https://raw.githubusercontent.com/PokeAPI/sprites/master/sprites/pokemon/169.png'),
(170, 'chinchou', 66, 120, 'https://raw.githubusercontent.com/PokeAPI/sprites/master/sprites/pokemon/170.png'),
(171, 'lanturn', 161, 225, 'https://raw.githubusercontent.com/PokeAPI/sprites/master/sprites/pokemon/171.png'),
(172, 'pichu', 41, NULL, 'https://raw.githubusercontent.com/PokeAPI/sprites/master/sprites/pokemon/172.png'),
(173, 'cleffa', 44, NULL, 'https://raw.githubusercontent.com/PokeAPI/sprites/master/sprites/pokemon/173.png'),
(174, 'igglybuff', 42, NULL, 'https://raw.githubusercontent.com/PokeAPI/sprites/master/sprites/pokemon/174.png'),
(175, 'togepi', 49, NULL, 'https://raw.githubusercontent.com/PokeAPI/sprites/master/sprites/pokemon/175.png'),
(176, 'togetic', 142, NULL, 'https://raw.githubusercontent.com/PokeAPI/sprites/master/sprites/pokemon/176.png'),
(177, 'natu', 64, NULL, 'https://raw.githubusercontent.com/PokeAPI/sprites/master/sprites/pokemon/177.png'),
(178, 'xatu', 165, 150, 'https://raw.githubusercontent.com/PokeAPI/sprites/master/sprites/pokemon/178.png'),
(179, 'mareep', 56, NULL, 'https://raw.githubusercontent.com/PokeAPI/sprites/master/sprites/pokemon/179.png'),
(180, 'flaaffy', 128, 133, 'https://raw.githubusercontent.com/PokeAPI/sprites/master/sprites/pokemon/180.png'),
(181, 'ampharos', 230, 615, 'https://raw.githubusercontent.com/PokeAPI/sprites/master/sprites/pokemon/181.png'),
(182, 'bellossom', 221, NULL, 'https://raw.githubusercontent.com/PokeAPI/sprites/master/sprites/pokemon/182.png'),
(183, 'marill', 88, NULL, 'https://raw.githubusercontent.com/PokeAPI/sprites/master/sprites/pokemon/183.png'),
(184, 'azumarill', 189, 285, 'https://raw.githubusercontent.com/PokeAPI/sprites/master/sprites/pokemon/184.png'),
(185, 'sudowoodo', 144, 380, 'https://raw.githubusercontent.com/PokeAPI/sprites/master/sprites/pokemon/185.png'),
(186, 'politoed', 225, 339, 'https://raw.githubusercontent.com/PokeAPI/sprites/master/sprites/pokemon/186.png'),
(187, 'hoppip', 50, NULL, 'https://raw.githubusercontent.com/PokeAPI/sprites/master/sprites/pokemon/187.png'),
(188, 'skiploom', 119, NULL, 'https://raw.githubusercontent.com/PokeAPI/sprites/master/sprites/pokemon/188.png'),
(189, 'jumpluff', 207, NULL, 'https://raw.githubusercontent.com/PokeAPI/sprites/master/sprites/pokemon/189.png'),
(190, 'aipom', 72, 115, 'https://raw.githubusercontent.com/PokeAPI/sprites/master/sprites/pokemon/190.png'),
(191, 'sunkern', 36, NULL, 'https://raw.githubusercontent.com/PokeAPI/sprites/master/sprites/pokemon/191.png'),
(192, 'sunflora', 149, NULL, 'https://raw.githubusercontent.com/PokeAPI/sprites/master/sprites/pokemon/192.png'),
(193, 'yanma', 78, 380, 'https://raw.githubusercontent.com/PokeAPI/sprites/master/sprites/pokemon/193.png'),
(194, 'wooper', 42, NULL, 'https://raw.githubusercontent.com/PokeAPI/sprites/master/sprites/pokemon/194.png'),
(195, 'quagsire', 151, 750, 'https://raw.githubusercontent.com/PokeAPI/sprites/master/sprites/pokemon/195.png'),
(196, 'espeon', 184, 265, 'https://raw.githubusercontent.com/PokeAPI/sprites/master/sprites/pokemon/196.png'),
(197, 'umbreon', 184, 270, 'https://raw.githubusercontent.com/PokeAPI/sprites/master/sprites/pokemon/197.png'),
(198, 'murkrow', 81, NULL, 'https://raw.githubusercontent.com/PokeAPI/sprites/master/sprites/pokemon/198.png'),
(199, 'slowking', 172, 795, 'https://raw.githubusercontent.com/PokeAPI/sprites/master/sprites/pokemon/199.png'),
(200, 'misdreavus', 87, NULL, 'https://raw.githubusercontent.com/PokeAPI/sprites/master/sprites/pokemon/200.png'),
(201, 'unown', 118, NULL, 'https://raw.githubusercontent.com/PokeAPI/sprites/master/sprites/pokemon/201.png'),
(202, 'wobbuffet', 142, 285, 'https://raw.githubusercontent.com/PokeAPI/sprites/master/sprites/pokemon/202.png'),
(203, 'girafarig', 159, 415, 'https://raw.githubusercontent.com/PokeAPI/sprites/master/sprites/pokemon/203.png'),
(204, 'pineco', 58, NULL, 'https://raw.githubusercontent.com/PokeAPI/sprites/master/sprites/pokemon/204.png'),
(205, 'forretress', 163, 1258, 'https://raw.githubusercontent.com/PokeAPI/sprites/master/sprites/pokemon/205.png'),
(206, 'dunsparce', 145, 140, 'https://raw.githubusercontent.com/PokeAPI/sprites/master/sprites/pokemon/206.png'),
(207, 'gligar', 86, 648, 'https://raw.githubusercontent.com/PokeAPI/sprites/master/sprites/pokemon/207.png'),
(208, 'steelix', 179, 4000, 'https://raw.githubusercontent.com/PokeAPI/sprites/master/sprites/pokemon/208.png'),
(209, 'snubbull', 60, NULL, 'https://raw.githubusercontent.com/PokeAPI/sprites/master/sprites/pokemon/209.png'),
(210, 'granbull', 158, 487, 'https://raw.githubusercontent.com/PokeAPI/sprites/master/sprites/pokemon/210.png'),
(211, 'qwilfish', 88, NULL, 'https://raw.githubusercontent.com/PokeAPI/sprites/master/sprites/pokemon/211.png'),
(212, 'scizor', 175, 1180, 'https://raw.githubusercontent.com/PokeAPI/sprites/master/sprites/pokemon/212.png'),
(213, 'shuckle', 177, 205, 'https://raw.githubusercontent.com/PokeAPI/sprites/master/sprites/pokemon/213.png'),
(214, 'heracross', 175, 540, 'https://raw.githubusercontent.com/PokeAPI/sprites/master/sprites/pokemon/214.png'),
(215, 'sneasel', 86, 280, 'https://raw.githubusercontent.com/PokeAPI/sprites/master/sprites/pokemon/215.png'),
(216, 'teddiursa', 66, NULL, 'https://raw.githubusercontent.com/PokeAPI/sprites/master/sprites/pokemon/216.png'),
(217, 'ursaring', 175, 1258, 'https://raw.githubusercontent.com/PokeAPI/sprites/master/sprites/pokemon/217.png'),
(218, 'slugma', 50, 350, 'https://raw.githubusercontent.com/PokeAPI/sprites/master/sprites/pokemon/218.png'),
(219, 'magcargo', 151, 550, 'https://raw.githubusercontent.com/PokeAPI/sprites/master/sprites/pokemon/219.png'),
(220, 'swinub', 50, NULL, 'https://raw.githubusercontent.com/PokeAPI/sprites/master/sprites/pokemon/220.png'),
(221, 'piloswine', 158, 558, 'https://raw.githubusercontent.com/PokeAPI/sprites/master/sprites/pokemon/221.png'),
(222, 'corsola', 144, NULL, 'https://raw.githubusercontent.com/PokeAPI/sprites/master/sprites/pokemon/222.png'),
(223, 'remoraid', 60, 120, 'https://raw.githubusercontent.com/PokeAPI/sprites/master/sprites/pokemon/223.png'),
(224, 'octillery', 168, 285, 'https://raw.githubusercontent.com/PokeAPI/sprites/master/sprites/pokemon/224.png'),
(225, 'delibird', 116, 160, 'https://raw.githubusercontent.com/PokeAPI/sprites/master/sprites/pokemon/225.png'),
(226, 'mantine', 170, 2200, 'https://raw.githubusercontent.com/PokeAPI/sprites/master/sprites/pokemon/226.png'),
(227, 'skarmory', 163, 505, 'https://raw.githubusercontent.com/PokeAPI/sprites/master/sprites/pokemon/227.png'),
(228, 'houndour', 66, 108, 'https://raw.githubusercontent.com/PokeAPI/sprites/master/sprites/pokemon/228.png'),
(229, 'houndoom', 175, 350, 'https://raw.githubusercontent.com/PokeAPI/sprites/master/sprites/pokemon/229.png'),
(230, 'kingdra', 243, 1520, 'https://raw.githubusercontent.com/PokeAPI/sprites/master/sprites/pokemon/230.png'),
(231, 'phanpy', 66, 335, 'https://raw.githubusercontent.com/PokeAPI/sprites/master/sprites/pokemon/231.png'),
(232, 'donphan', 175, 1200, 'https://raw.githubusercontent.com/PokeAPI/sprites/master/sprites/pokemon/232.png'),
(233, 'porygon2', 180, 325, 'https://raw.githubusercontent.com/PokeAPI/sprites/master/sprites/pokemon/233.png'),
(234, 'stantler', 163, 712, 'https://raw.githubusercontent.com/PokeAPI/sprites/master/sprites/pokemon/234.png'),
(235, 'smeargle', 88, 580, 'https://raw.githubusercontent.com/PokeAPI/sprites/master/sprites/pokemon/235.png'),
(236, 'tyrogue', 42, 210, 'https://raw.githubusercontent.com/PokeAPI/sprites/master/sprites/pokemon/236.png'),
(237, 'hitmontop', 159, 480, 'https://raw.githubusercontent.com/PokeAPI/sprites/master/sprites/pokemon/237.png'),
(238, 'smoochum', 61, NULL, 'https://raw.githubusercontent.com/PokeAPI/sprites/master/sprites/pokemon/238.png'),
(239, 'elekid', 72, 235, 'https://raw.githubusercontent.com/PokeAPI/sprites/master/sprites/pokemon/239.png'),
(240, 'magby', 73, 214, 'https://raw.githubusercontent.com/PokeAPI/sprites/master/sprites/pokemon/240.png'),
(241, 'miltank', 172, 755, 'https://raw.githubusercontent.com/PokeAPI/sprites/master/sprites/pokemon/241.png'),
(242, 'blissey', 608, 468, 'https://raw.githubusercontent.com/PokeAPI/sprites/master/sprites/pokemon/242.png'),
(243, 'raikou', 261, 1780, 'https://raw.githubusercontent.com/PokeAPI/sprites/master/sprites/pokemon/243.png'),
(244, 'entei', 261, 1980, 'https://raw.githubusercontent.com/PokeAPI/sprites/master/sprites/pokemon/244.png'),
(245, 'suicune', 261, 1870, 'https://raw.githubusercontent.com/PokeAPI/sprites/master/sprites/pokemon/245.png'),
(246, 'larvitar', 60, 720, 'https://raw.githubusercontent.com/PokeAPI/sprites/master/sprites/pokemon/246.png'),
(247, 'pupitar', 144, 1520, 'https://raw.githubusercontent.com/PokeAPI/sprites/master/sprites/pokemon/247.png'),
(248, 'tyranitar', 270, 2020, 'https://raw.githubusercontent.com/PokeAPI/sprites/master/sprites/pokemon/248.png'),
(249, 'lugia', 306, 2160, 'https://raw.githubusercontent.com/PokeAPI/sprites/master/sprites/pokemon/249.png'),
(250, 'ho-oh', 306, 1990, 'https://raw.githubusercontent.com/PokeAPI/sprites/master/sprites/pokemon/250.png'),
(251, 'celebi', 270, NULL, 'https://raw.githubusercontent.com/PokeAPI/sprites/master/sprites/pokemon/251.png'),
(252, 'treecko', 62, NULL, 'https://raw.githubusercontent.com/PokeAPI/sprites/master/sprites/pokemon/252.png'),
(253, 'grovyle', 142, 216, 'https://raw.githubusercontent.com/PokeAPI/sprites/master/sprites/pokemon/253.png'),
(254, 'sceptile', 239, 522, 'https://raw.githubusercontent.com/PokeAPI/sprites/master/sprites/pokemon/254.png'),
(255, 'torchic', 62, NULL, 'https://raw.githubusercontent.com/PokeAPI/sprites/master/sprites/pokemon/255.png'),
(256, 'combusken', 142, 195, 'https://raw.githubusercontent.com/PokeAPI/sprites/master/sprites/pokemon/256.png'),
(257, 'blaziken', 239, 520, 'https://raw.githubusercontent.com/PokeAPI/sprites/master/sprites/pokemon/257.png'),
(258, 'mudkip', 62, NULL, 'https://raw.githubusercontent.com/PokeAPI/sprites/master/sprites/pokemon/258.png'),
(259, 'marshtomp', 142, 280, 'https://raw.githubusercontent.com/PokeAPI/sprites/master/sprites/pokemon/259.png'),
(260, 'swampert', 241, 819, 'https://raw.githubusercontent.com/PokeAPI/sprites/master/sprites/pokemon/260.png'),
(261, 'poochyena', 56, 136, 'https://raw.githubusercontent.com/PokeAPI/sprites/master/sprites/pokemon/261.png'),
(262, 'mightyena', 147, 370, 'https://raw.githubusercontent.com/PokeAPI/sprites/master/sprites/pokemon/262.png'),
(263, 'zigzagoon', 56, 175, 'https://raw.githubusercontent.com/PokeAPI/sprites/master/sprites/pokemon/263.png'),
(264, 'linoone', 147, 325, 'https://raw.githubusercontent.com/PokeAPI/sprites/master/sprites/pokemon/264.png'),
(265, 'wurmple', 56, NULL, 'https://raw.githubusercontent.com/PokeAPI/sprites/master/sprites/pokemon/265.png'),
(266, 'silcoon', 72, 100, 'https://raw.githubusercontent.com/PokeAPI/sprites/master/sprites/pokemon/266.png'),
(267, 'beautifly', 178, 284, 'https://raw.githubusercontent.com/PokeAPI/sprites/master/sprites/pokemon/267.png'),
(268, 'cascoon', 72, 115, 'https://raw.githubusercontent.com/PokeAPI/sprites/master/sprites/pokemon/268.png'),
(269, 'dustox', 173, 316, 'https://raw.githubusercontent.com/PokeAPI/sprites/master/sprites/pokemon/269.png'),
(270, 'lotad', 44, NULL, 'https://raw.githubusercontent.com/PokeAPI/sprites/master/sprites/pokemon/270.png'),
(271, 'lombre', 119, 325, 'https://raw.githubusercontent.com/PokeAPI/sprites/master/sprites/pokemon/271.png'),
(272, 'ludicolo', 216, 550, 'https://raw.githubusercontent.com/PokeAPI/sprites/master/sprites/pokemon/272.png'),
(273, 'seedot', 44, NULL, 'https://raw.githubusercontent.com/PokeAPI/sprites/master/sprites/pokemon/273.png'),
(274, 'nuzleaf', 119, 280, 'https://raw.githubusercontent.com/PokeAPI/sprites/master/sprites/pokemon/274.png'),
(275, 'shiftry', 216, 596, 'https://raw.githubusercontent.com/PokeAPI/sprites/master/sprites/pokemon/275.png'),
(276, 'taillow', 54, NULL, 'https://raw.githubusercontent.com/PokeAPI/sprites/master/sprites/pokemon/276.png'),
(277, 'swellow', 159, 198, 'https://raw.githubusercontent.com/PokeAPI/sprites/master/sprites/pokemon/277.png'),
(278, 'wingull', 54, NULL, 'https://raw.githubusercontent.com/PokeAPI/sprites/master/sprites/pokemon/278.png'),
(279, 'pelipper', 154, 280, 'https://raw.githubusercontent.com/PokeAPI/sprites/master/sprites/pokemon/279.png'),
(280, 'ralts', 40, NULL, 'https://raw.githubusercontent.com/PokeAPI/sprites/master/sprites/pokemon/280.png'),
(281, 'kirlia', 97, 202, 'https://raw.githubusercontent.com/PokeAPI/sprites/master/sprites/pokemon/281.png'),
(282, 'gardevoir', 233, 484, 'https://raw.githubusercontent.com/PokeAPI/sprites/master/sprites/pokemon/282.png'),
(283, 'surskit', 54, NULL, 'https://raw.githubusercontent.com/PokeAPI/sprites/master/sprites/pokemon/283.png'),
(284, 'masquerain', 159, NULL, 'https://raw.githubusercontent.com/PokeAPI/sprites/master/sprites/pokemon/284.png'),
(285, 'shroomish', 59, NULL, 'https://raw.githubusercontent.com/PokeAPI/sprites/master/sprites/pokemon/285.png'),
(286, 'breloom', 161, 392, 'https://raw.githubusercontent.com/PokeAPI/sprites/master/sprites/pokemon/286.png'),
(287, 'slakoth', 56, 240, 'https://raw.githubusercontent.com/PokeAPI/sprites/master/sprites/pokemon/287.png'),
(288, 'vigoroth', 154, 465, 'https://raw.githubusercontent.com/PokeAPI/sprites/master/sprites/pokemon/288.png'),
(289, 'slaking', 252, 1305, 'https://raw.githubusercontent.com/PokeAPI/sprites/master/sprites/pokemon/289.png'),
(290, 'nincada', 53, NULL, 'https://raw.githubusercontent.com/PokeAPI/sprites/master/sprites/pokemon/290.png'),
(291, 'ninjask', 160, 120, 'https://raw.githubusercontent.com/PokeAPI/sprites/master/sprites/pokemon/291.png'),
(292, 'shedinja', 83, NULL, 'https://raw.githubusercontent.com/PokeAPI/sprites/master/sprites/pokemon/292.png'),
(293, 'whismur', 48, 163, 'https://raw.githubusercontent.com/PokeAPI/sprites/master/sprites/pokemon/293.png'),
(294, 'loudred', 126, 405, 'https://raw.githubusercontent.com/PokeAPI/sprites/master/sprites/pokemon/294.png'),
(295, 'exploud', 221, 840, 'https://raw.githubusercontent.com/PokeAPI/sprites/master/sprites/pokemon/295.png'),
(296, 'makuhita', 47, 864, 'https://raw.githubusercontent.com/PokeAPI/sprites/master/sprites/pokemon/296.png'),
(297, 'hariyama', 166, 2538, 'https://raw.githubusercontent.com/PokeAPI/sprites/master/sprites/pokemon/297.png'),
(298, 'azurill', 38, NULL, 'https://raw.githubusercontent.com/PokeAPI/sprites/master/sprites/pokemon/298.png'),
(299, 'nosepass', 75, 970, 'https://raw.githubusercontent.com/PokeAPI/sprites/master/sprites/pokemon/299.png'),
(300, 'skitty', 52, 110, 'https://raw.githubusercontent.com/PokeAPI/sprites/master/sprites/pokemon/300.png'),
(301, 'delcatty', 140, 326, 'https://raw.githubusercontent.com/PokeAPI/sprites/master/sprites/pokemon/301.png'),
(302, 'sableye', 133, 110, 'https://raw.githubusercontent.com/PokeAPI/sprites/master/sprites/pokemon/302.png'),
(303, 'mawile', 133, 115, 'https://raw.githubusercontent.com/PokeAPI/sprites/master/sprites/pokemon/303.png'),
(304, 'aron', 66, 600, 'https://raw.githubusercontent.com/PokeAPI/sprites/master/sprites/pokemon/304.png'),
(305, 'lairon', 151, 1200, 'https://raw.githubusercontent.com/PokeAPI/sprites/master/sprites/pokemon/305.png'),
(306, 'aggron', 239, 3600, 'https://raw.githubusercontent.com/PokeAPI/sprites/master/sprites/pokemon/306.png'),
(307, 'meditite', 56, 112, 'https://raw.githubusercontent.com/PokeAPI/sprites/master/sprites/pokemon/307.png'),
(308, 'medicham', 144, 315, 'https://raw.githubusercontent.com/PokeAPI/sprites/master/sprites/pokemon/308.png'),
(309, 'electrike', 59, 152, 'https://raw.githubusercontent.com/PokeAPI/sprites/master/sprites/pokemon/309.png'),
(310, 'manectric', 166, 402, 'https://raw.githubusercontent.com/PokeAPI/sprites/master/sprites/pokemon/310.png'),
(311, 'plusle', 142, NULL, 'https://raw.githubusercontent.com/PokeAPI/sprites/master/sprites/pokemon/311.png'),
(312, 'minun', 142, NULL, 'https://raw.githubusercontent.com/PokeAPI/sprites/master/sprites/pokemon/312.png'),
(313, 'volbeat', 151, 177, 'https://raw.githubusercontent.com/PokeAPI/sprites/master/sprites/pokemon/313.png'),
(314, 'illumise', 151, 177, 'https://raw.githubusercontent.com/PokeAPI/sprites/master/sprites/pokemon/314.png'),
(315, 'roselia', 140, NULL, 'https://raw.githubusercontent.com/PokeAPI/sprites/master/sprites/pokemon/315.png'),
(316, 'gulpin', 60, 103, 'https://raw.githubusercontent.com/PokeAPI/sprites/master/sprites/pokemon/316.png'),
(317, 'swalot', 163, 800, 'https://raw.githubusercontent.com/PokeAPI/sprites/master/sprites/pokemon/317.png'),
(318, 'carvanha', 61, 208, 'https://raw.githubusercontent.com/PokeAPI/sprites/master/sprites/pokemon/318.png'),
(319, 'sharpedo', 161, 888, 'https://raw.githubusercontent.com/PokeAPI/sprites/master/sprites/pokemon/319.png'),
(320, 'wailmer', 80, 1300, 'https://raw.githubusercontent.com/PokeAPI/sprites/master/sprites/pokemon/320.png'),
(321, 'wailord', 175, 3980, 'https://raw.githubusercontent.com/PokeAPI/sprites/master/sprites/pokemon/321.png'),
(322, 'numel', 61, 240, 'https://raw.githubusercontent.com/PokeAPI/sprites/master/sprites/pokemon/322.png'),
(323, 'camerupt', 161, 2200, 'https://raw.githubusercontent.com/PokeAPI/sprites/master/sprites/pokemon/323.png'),
(324, 'torkoal', 165, 804, 'https://raw.githubusercontent.com/PokeAPI/sprites/master/sprites/pokemon/324.png'),
(325, 'spoink', 66, 306, 'https://raw.githubusercontent.com/PokeAPI/sprites/master/sprites/pokemon/325.png'),
(326, 'grumpig', 165, 715, 'https://raw.githubusercontent.com/PokeAPI/sprites/master/sprites/pokemon/326.png'),
(327, 'spinda', 126, NULL, 'https://raw.githubusercontent.com/PokeAPI/sprites/master/sprites/pokemon/327.png'),
(328, 'trapinch', 58, 150, 'https://raw.githubusercontent.com/PokeAPI/sprites/master/sprites/pokemon/328.png'),
(329, 'vibrava', 119, 153, 'https://raw.githubusercontent.com/PokeAPI/sprites/master/sprites/pokemon/329.png'),
(330, 'flygon', 234, 820, 'https://raw.githubusercontent.com/PokeAPI/sprites/master/sprites/pokemon/330.png'),
(331, 'cacnea', 67, 513, 'https://raw.githubusercontent.com/PokeAPI/sprites/master/sprites/pokemon/331.png'),
(332, 'cacturne', 166, 774, 'https://raw.githubusercontent.com/PokeAPI/sprites/master/sprites/pokemon/332.png'),
(333, 'swablu', 62, NULL, 'https://raw.githubusercontent.com/PokeAPI/sprites/master/sprites/pokemon/333.png'),
(334, 'altaria', 172, 206, 'https://raw.githubusercontent.com/PokeAPI/sprites/master/sprites/pokemon/334.png'),
(335, 'zangoose', 160, 403, 'https://raw.githubusercontent.com/PokeAPI/sprites/master/sprites/pokemon/335.png'),
(336, 'seviper', 160, 525, 'https://raw.githubusercontent.com/PokeAPI/sprites/master/sprites/pokemon/336.png'),
(337, 'lunatone', 161, 1680, 'https://raw.githubusercontent.com/PokeAPI/sprites/master/sprites/pokemon/337.png'),
(338, 'solrock', 161, 1540, 'https://raw.githubusercontent.com/PokeAPI/sprites/master/sprites/pokemon/338.png'),
(339, 'barboach', 58, NULL, 'https://raw.githubusercontent.com/PokeAPI/sprites/master/sprites/pokemon/339.png'),
(340, 'whiscash', 164, 236, 'https://raw.githubusercontent.com/PokeAPI/sprites/master/sprites/pokemon/340.png'),
(341, 'corphish', 62, 115, 'https://raw.githubusercontent.com/PokeAPI/sprites/master/sprites/pokemon/341.png'),
(342, 'crawdaunt', 164, 328, 'https://raw.githubusercontent.com/PokeAPI/sprites/master/sprites/pokemon/342.png'),
(343, 'baltoy', 60, 215, 'https://raw.githubusercontent.com/PokeAPI/sprites/master/sprites/pokemon/343.png'),
(344, 'claydol', 175, 1080, 'https://raw.githubusercontent.com/PokeAPI/sprites/master/sprites/pokemon/344.png'),
(345, 'lileep', 71, 238, 'https://raw.githubusercontent.com/PokeAPI/sprites/master/sprites/pokemon/345.png'),
(346, 'cradily', 173, 604, 'https://raw.githubusercontent.com/PokeAPI/sprites/master/sprites/pokemon/346.png'),
(347, 'anorith', 71, 125, 'https://raw.githubusercontent.com/PokeAPI/sprites/master/sprites/pokemon/347.png'),
(348, 'armaldo', 173, 682, 'https://raw.githubusercontent.com/PokeAPI/sprites/master/sprites/pokemon/348.png'),
(349, 'feebas', 40, NULL, 'https://raw.githubusercontent.com/PokeAPI/sprites/master/sprites/pokemon/349.png'),
(350, 'milotic', 189, 1620, 'https://raw.githubusercontent.com/PokeAPI/sprites/master/sprites/pokemon/350.png'),
(351, 'castform', 147, NULL, 'https://raw.githubusercontent.com/PokeAPI/sprites/master/sprites/pokemon/351.png'),
(352, 'kecleon', 154, 220, 'https://raw.githubusercontent.com/PokeAPI/sprites/master/sprites/pokemon/352.png'),
(353, 'shuppet', 59, NULL, 'https://raw.githubusercontent.com/PokeAPI/sprites/master/sprites/pokemon/353.png'),
(354, 'banette', 159, 125, 'https://raw.githubusercontent.com/PokeAPI/sprites/master/sprites/pokemon/354.png'),
(355, 'duskull', 59, 150, 'https://raw.githubusercontent.com/PokeAPI/sprites/master/sprites/pokemon/355.png'),
(356, 'dusclops', 159, 306, 'https://raw.githubusercontent.com/PokeAPI/sprites/master/sprites/pokemon/356.png'),
(357, 'tropius', 161, 1000, 'https://raw.githubusercontent.com/PokeAPI/sprites/master/sprites/pokemon/357.png'),
(358, 'chimecho', 159, NULL, 'https://raw.githubusercontent.com/PokeAPI/sprites/master/sprites/pokemon/358.png'),
(359, 'absol', 163, 470, 'https://raw.githubusercontent.com/PokeAPI/sprites/master/sprites/pokemon/359.png'),
(360, 'wynaut', 52, 140, 'https://raw.githubusercontent.com/PokeAPI/sprites/master/sprites/pokemon/360.png'),
(361, 'snorunt', 60, 168, 'https://raw.githubusercontent.com/PokeAPI/sprites/master/sprites/pokemon/361.png'),
(362, 'glalie', 168, 2565, 'https://raw.githubusercontent.com/PokeAPI/sprites/master/sprites/pokemon/362.png'),
(363, 'spheal', 58, 395, 'https://raw.githubusercontent.com/PokeAPI/sprites/master/sprites/pokemon/363.png'),
(364, 'sealeo', 144, 876, 'https://raw.githubusercontent.com/PokeAPI/sprites/master/sprites/pokemon/364.png'),
(365, 'walrein', 239, 1506, 'https://raw.githubusercontent.com/PokeAPI/sprites/master/sprites/pokemon/365.png'),
(366, 'clamperl', 69, 525, 'https://raw.githubusercontent.com/PokeAPI/sprites/master/sprites/pokemon/366.png'),
(367, 'huntail', 170, 270, 'https://raw.githubusercontent.com/PokeAPI/sprites/master/sprites/pokemon/367.png'),
(368, 'gorebyss', 170, 226, 'https://raw.githubusercontent.com/PokeAPI/sprites/master/sprites/pokemon/368.png'),
(369, 'relicanth', 170, 234, 'https://raw.githubusercontent.com/PokeAPI/sprites/master/sprites/pokemon/369.png'),
(370, 'luvdisc', 116, NULL, 'https://raw.githubusercontent.com/PokeAPI/sprites/master/sprites/pokemon/370.png'),
(371, 'bagon', 60, 421, 'https://raw.githubusercontent.com/PokeAPI/sprites/master/sprites/pokemon/371.png'),
(372, 'shelgon', 147, 1105, 'https://raw.githubusercontent.com/PokeAPI/sprites/master/sprites/pokemon/372.png'),
(373, 'salamence', 270, 1026, 'https://raw.githubusercontent.com/PokeAPI/sprites/master/sprites/pokemon/373.png'),
(374, 'beldum', 60, 952, 'https://raw.githubusercontent.com/PokeAPI/sprites/master/sprites/pokemon/374.png'),
(375, 'metang', 147, 2025, 'https://raw.githubusercontent.com/PokeAPI/sprites/master/sprites/pokemon/375.png'),
(376, 'metagross', 270, 5500, 'https://raw.githubusercontent.com/PokeAPI/sprites/master/sprites/pokemon/376.png'),
(377, 'regirock', 261, 2300, 'https://raw.githubusercontent.com/PokeAPI/sprites/master/sprites/pokemon/377.png'),
(378, 'regice', 261, 1750, 'https://raw.githubusercontent.com/PokeAPI/sprites/master/sprites/pokemon/378.png'),
(379, 'registeel', 261, 2050, 'https://raw.githubusercontent.com/PokeAPI/sprites/master/sprites/pokemon/379.png'),
(380, 'latias', 270, 400, 'https://raw.githubusercontent.com/PokeAPI/sprites/master/sprites/pokemon/380.png'),
(381, 'latios', 270, 600, 'https://raw.githubusercontent.com/PokeAPI/sprites/master/sprites/pokemon/381.png'),
(382, 'kyogre', 302, 3520, 'https://raw.githubusercontent.com/PokeAPI/sprites/master/sprites/pokemon/382.png'),
(383, 'groudon', 302, 9500, 'https://raw.githubusercontent.com/PokeAPI/sprites/master/sprites/pokemon/383.png'),
(384, 'rayquaza', 306, 2065, 'https://raw.githubusercontent.com/PokeAPI/sprites/master/sprites/pokemon/384.png'),
(385, 'jirachi', 270, NULL, 'https://raw.githubusercontent.com/PokeAPI/sprites/master/sprites/pokemon/385.png'),
(386, 'deoxys-normal', 270, 608, 'https://raw.githubusercontent.com/PokeAPI/sprites/master/sprites/pokemon/386.png'),
(387, 'turtwig', 64, 102, 'https://raw.githubusercontent.com/PokeAPI/sprites/master/sprites/pokemon/387.png'),
(388, 'grotle', 142, 970, 'https://raw.githubusercontent.com/PokeAPI/sprites/master/sprites/pokemon/388.png'),
(389, 'torterra', 236, 3100, 'https://raw.githubusercontent.com/PokeAPI/sprites/master/sprites/pokemon/389.png'),
(390, 'chimchar', 62, NULL, 'https://raw.githubusercontent.com/PokeAPI/sprites/master/sprites/pokemon/390.png'),
(391, 'monferno', 142, 220, 'https://raw.githubusercontent.com/PokeAPI/sprites/master/sprites/pokemon/391.png'),
(392, 'infernape', 240, 550, 'https://raw.githubusercontent.com/PokeAPI/sprites/master/sprites/pokemon/392.png'),
(393, 'piplup', 63, NULL, 'https://raw.githubusercontent.com/PokeAPI/sprites/master/sprites/pokemon/393.png'),
(394, 'prinplup', 142, 230, 'https://raw.githubusercontent.com/PokeAPI/sprites/master/sprites/pokemon/394.png'),
(395, 'empoleon', 239, 845, 'https://raw.githubusercontent.com/PokeAPI/sprites/master/sprites/pokemon/395.png'),
(396, 'starly', 49, NULL, 'https://raw.githubusercontent.com/PokeAPI/sprites/master/sprites/pokemon/396.png'),
(397, 'staravia', 119, 155, 'https://raw.githubusercontent.com/PokeAPI/sprites/master/sprites/pokemon/397.png'),
(398, 'staraptor', 218, 249, 'https://raw.githubusercontent.com/PokeAPI/sprites/master/sprites/pokemon/398.png'),
(399, 'bidoof', 50, 200, 'https://raw.githubusercontent.com/PokeAPI/sprites/master/sprites/pokemon/399.png'),
(400, 'bibarel', 144, 315, 'https://raw.githubusercontent.com/PokeAPI/sprites/master/sprites/pokemon/400.png');

-- --------------------------------------------------------

--
-- Table structure for table `pokemon_abilities`
--

CREATE TABLE `pokemon_abilities` (
  `pokemon_id` int(11) NOT NULL,
  `ability_id` int(11) NOT NULL
) ENGINE=InnoDB DEFAULT CHARSET=utf8mb4 COLLATE=utf8mb4_general_ci;

--
-- Dumping data for table `pokemon_abilities`
--

INSERT INTO `pokemon_abilities` (`pokemon_id`, `ability_id`) VALUES
(2, 34),
(2, 65),
(3, 34),
(3, 65),
(5, 66),
(5, 94),
(6, 66),
(6, 94),
(8, 44),
(8, 67),
(9, 44),
(9, 67),
(12, 14),
(12, 110),
(14, 61),
(15, 68),
(15, 97),
(17, 51),
(17, 77),
(17, 145),
(18, 51),
(18, 77),
(18, 145),
(20, 50),
(20, 55),
(20, 62),
(22, 51),
(22, 97),
(24, 22),
(24, 61),
(24, 127),
(26, 9),
(26, 31),
(27, 8),
(27, 146),
(28, 8),
(28, 146),
(30, 38),
(30, 55),
(30, 79),
(31, 38),
(31, 79),
(31, 125),
(33, 38),
(33, 55),
(33, 79),
(34, 38),
(34, 79),
(34, 125),
(36, 56),
(36, 98),
(36, 109),
(38, 18),
(38, 70),
(40, 56),
(40, 119),
(40, 172),
(42, 39),
(42, 151),
(45, 27),
(45, 34),
(47, 6),
(47, 27),
(47, 87),
(48, 14),
(48, 50),
(48, 110),
(49, 19),
(49, 110),
(49, 147),
(51, 8),
(51, 71),
(51, 159),
(53, 7),
(53, 101),
(53, 127),
(54, 6),
(54, 13),
(54, 33),
(55, 6),
(55, 13),
(55, 33),
(56, 72),
(56, 83),
(56, 128),
(57, 72),
(57, 83),
(57, 128),
(58, 18),
(58, 22),
(58, 154),
(59, 18),
(59, 22),
(59, 154),
(60, 6),
(60, 11),
(60, 33),
(61, 6),
(61, 11),
(61, 33),
(62, 6),
(62, 11),
(62, 33),
(63, 28),
(63, 39),
(63, 98),
(64, 28),
(64, 39),
(64, 98),
(65, 28),
(65, 39),
(65, 98),
(66, 62),
(66, 80),
(66, 99),
(67, 62),
(67, 80),
(67, 99),
(68, 62),
(68, 80),
(68, 99),
(71, 34),
(71, 82),
(72, 29),
(72, 44),
(72, 64),
(73, 29),
(73, 44),
(73, 64),
(74, 5),
(74, 8),
(74, 69),
(75, 5),
(75, 8),
(75, 69),
(76, 5),
(76, 8),
(76, 69),
(77, 18),
(77, 49),
(77, 50),
(78, 18),
(78, 49),
(78, 50),
(79, 12),
(79, 20),
(79, 144),
(80, 12),
(80, 20),
(80, 144),
(82, 5),
(82, 42),
(82, 148),
(83, 39),
(83, 51),
(83, 128),
(84, 48),
(84, 50),
(84, 77),
(85, 48),
(85, 50),
(85, 77),
(86, 47),
(86, 93),
(86, 115),
(87, 47),
(87, 93),
(87, 115),
(88, 1),
(88, 60),
(88, 143),
(89, 1),
(89, 60),
(89, 143),
(91, 75),
(91, 92),
(91, 142),
(94, 130),
(95, 5),
(95, 69),
(95, 133),
(96, 15),
(96, 39),
(96, 108),
(97, 15),
(97, 39),
(97, 108),
(99, 52),
(99, 75),
(99, 125),
(100, 9),
(100, 43),
(100, 106),
(101, 9),
(101, 43),
(101, 106),
(103, 34),
(103, 139),
(105, 4),
(105, 31),
(105, 69),
(106, 7),
(106, 84),
(106, 120),
(107, 39),
(107, 51),
(107, 89),
(108, 12),
(108, 13),
(108, 20),
(111, 31),
(111, 69),
(111, 120),
(112, 31),
(112, 69),
(112, 120),
(113, 30),
(113, 32),
(113, 131),
(114, 34),
(114, 102),
(114, 144),
(115, 39),
(115, 48),
(115, 113),
(117, 6),
(117, 38),
(117, 97),
(118, 31),
(118, 33),
(118, 41),
(119, 31),
(119, 33),
(119, 41),
(120, 30),
(120, 35),
(120, 148),
(121, 30),
(121, 35),
(121, 148),
(122, 43),
(122, 101),
(122, 111),
(123, 68),
(123, 80),
(123, 101),
(124, 12),
(124, 87),
(124, 108),
(125, 9),
(125, 72),
(126, 49),
(126, 72),
(127, 52),
(127, 104),
(127, 153),
(128, 22),
(128, 83),
(128, 125),
(129, 33),
(129, 155),
(130, 22),
(130, 153),
(131, 11),
(131, 75),
(131, 93),
(134, 11),
(134, 93),
(135, 10),
(135, 95),
(136, 18),
(136, 62),
(137, 36),
(137, 88),
(137, 148),
(139, 33),
(139, 75),
(139, 133),
(140, 4),
(140, 33),
(140, 133),
(141, 4),
(141, 33),
(141, 133),
(142, 46),
(142, 69),
(142, 127),
(143, 17),
(143, 47),
(143, 82),
(144, 46),
(144, 81),
(145, 9),
(145, 46),
(146, 46),
(146, 49),
(148, 61),
(148, 63),
(149, 39),
(149, 136),
(150, 46),
(150, 127),
(153, 65),
(153, 102),
(154, 65),
(154, 102),
(156, 18),
(156, 66),
(157, 18),
(157, 66),
(159, 67),
(159, 125),
(160, 67),
(160, 125),
(162, 50),
(162, 51),
(162, 119),
(163, 15),
(163, 51),
(163, 110),
(164, 15),
(164, 51),
(164, 110),
(165, 48),
(165, 68),
(165, 155),
(166, 48),
(166, 68),
(166, 89),
(168, 15),
(168, 68),
(168, 97),
(169, 39),
(169, 151),
(170, 10),
(170, 11),
(170, 35),
(171, 10),
(171, 11),
(171, 35),
(178, 28),
(178, 48),
(178, 156),
(180, 9),
(180, 57),
(181, 9),
(181, 57),
(184, 37),
(184, 47),
(184, 157),
(185, 5),
(185, 69),
(185, 155),
(186, 2),
(186, 6),
(186, 11),
(190, 50),
(190, 53),
(190, 92),
(193, 3),
(193, 14),
(193, 119),
(195, 6),
(195, 11),
(195, 109),
(196, 28),
(196, 156),
(197, 28),
(197, 39),
(199, 12),
(199, 20),
(199, 144),
(202, 23),
(202, 140),
(203, 39),
(203, 48),
(203, 157),
(205, 5),
(205, 142),
(206, 32),
(206, 50),
(206, 155),
(207, 8),
(207, 17),
(207, 52),
(208, 5),
(208, 69),
(208, 125),
(210, 22),
(210, 95),
(210, 155),
(212, 68),
(212, 101),
(212, 135),
(213, 5),
(213, 82),
(213, 126),
(214, 62),
(214, 68),
(214, 153),
(215, 39),
(215, 51),
(215, 124),
(217, 62),
(217, 95),
(217, 127),
(218, 40),
(218, 49),
(218, 133),
(219, 40),
(219, 49),
(219, 133),
(221, 12),
(221, 47),
(221, 81),
(223, 55),
(223, 97),
(223, 141),
(224, 21),
(224, 97),
(224, 141),
(225, 15),
(225, 55),
(225, 72),
(226, 11),
(226, 33),
(226, 41),
(227, 5),
(227, 51),
(227, 133),
(228, 18),
(228, 48),
(228, 127),
(229, 18),
(229, 48),
(229, 127),
(230, 6),
(230, 33),
(230, 97),
(231, 8),
(231, 53),
(232, 5),
(232, 8),
(233, 36),
(233, 88),
(233, 148),
(234, 22),
(234, 119),
(234, 157),
(235, 20),
(235, 101),
(235, 141),
(236, 62),
(236, 72),
(236, 80),
(237, 22),
(237, 80),
(237, 101),
(239, 9),
(239, 72),
(240, 49),
(240, 72),
(241, 47),
(241, 113),
(241, 157),
(242, 30),
(242, 32),
(242, 131),
(243, 39),
(243, 46),
(244, 39),
(244, 46),
(245, 39),
(245, 46),
(246, 8),
(246, 62),
(247, 61),
(248, 45),
(248, 127),
(249, 46),
(249, 136),
(250, 46),
(250, 144),
(253, 65),
(253, 84),
(254, 65),
(254, 84),
(256, 3),
(256, 66),
(257, 3),
(257, 66),
(259, 6),
(259, 67),
(260, 6),
(260, 67),
(261, 50),
(261, 95),
(261, 155),
(262, 22),
(262, 95),
(262, 153),
(263, 53),
(263, 82),
(263, 95),
(264, 53),
(264, 82),
(264, 95),
(266, 61),
(267, 68),
(267, 79),
(268, 61),
(269, 14),
(269, 19),
(271, 20),
(271, 33),
(271, 44),
(272, 20),
(272, 33),
(272, 44),
(274, 34),
(274, 48),
(274, 124),
(275, 34),
(275, 124),
(275, 274),
(277, 62),
(277, 113),
(279, 2),
(279, 44),
(279, 51),
(281, 28),
(281, 36),
(281, 140),
(282, 28),
(282, 36),
(282, 140),
(286, 27),
(286, 90),
(286, 101),
(287, 54),
(288, 72),
(289, 54),
(291, 3),
(291, 151),
(293, 43),
(293, 155),
(294, 43),
(294, 113),
(295, 43),
(295, 113),
(296, 47),
(296, 62),
(296, 125),
(297, 47),
(297, 62),
(297, 125),
(299, 5),
(299, 42),
(299, 159),
(300, 56),
(300, 96),
(300, 147),
(301, 56),
(301, 96),
(301, 147),
(302, 51),
(302, 100),
(302, 158),
(303, 22),
(303, 52),
(303, 125),
(304, 5),
(304, 69),
(304, 134),
(305, 5),
(305, 69),
(305, 134),
(306, 5),
(306, 69),
(306, 134),
(307, 74),
(307, 140),
(308, 74),
(308, 140),
(309, 9),
(309, 31),
(309, 58),
(310, 9),
(310, 31),
(310, 58),
(313, 35),
(313, 68),
(313, 158),
(314, 12),
(314, 110),
(314, 158),
(316, 60),
(316, 64),
(316, 82),
(317, 60),
(317, 64),
(317, 82),
(318, 3),
(318, 24),
(319, 3),
(319, 24),
(320, 12),
(320, 41),
(320, 46),
(321, 12),
(321, 41),
(321, 46),
(322, 12),
(322, 20),
(322, 86),
(323, 40),
(323, 83),
(323, 116),
(324, 70),
(324, 73),
(324, 75),
(325, 20),
(325, 47),
(325, 82),
(326, 20),
(326, 47),
(326, 82),
(328, 52),
(328, 71),
(328, 125),
(329, 26),
(330, 26),
(331, 8),
(331, 11),
(332, 8),
(332, 11),
(334, 13),
(334, 30),
(335, 17),
(335, 137),
(336, 61),
(336, 151),
(337, 26),
(338, 26),
(340, 12),
(340, 93),
(340, 107),
(341, 52),
(341, 75),
(341, 91),
(342, 52),
(342, 75),
(342, 91),
(343, 26),
(344, 26),
(345, 21),
(345, 114),
(346, 21),
(346, 114),
(347, 4),
(347, 33),
(348, 4),
(348, 33),
(350, 56),
(350, 63),
(350, 172),
(352, 16),
(352, 168),
(354, 15),
(354, 119),
(354, 130),
(355, 26),
(355, 119),
(356, 46),
(356, 119),
(357, 34),
(357, 94),
(357, 139),
(359, 46),
(359, 105),
(359, 154),
(360, 23),
(360, 140),
(361, 39),
(361, 115),
(361, 141),
(362, 39),
(362, 115),
(362, 141),
(363, 12),
(363, 47),
(363, 115),
(364, 12),
(364, 47),
(364, 115),
(365, 12),
(365, 47),
(365, 115),
(366, 75),
(366, 155),
(367, 33),
(367, 41),
(368, 33),
(368, 93),
(369, 5),
(369, 33),
(369, 69),
(371, 69),
(371, 125),
(372, 69),
(372, 142),
(373, 22),
(373, 153),
(374, 29),
(374, 135),
(375, 29),
(375, 135),
(376, 29),
(376, 135),
(377, 5),
(377, 29),
(378, 29),
(378, 115),
(379, 29),
(379, 135),
(380, 26),
(381, 26),
(382, 2),
(383, 70),
(384, 76),
(386, 46),
(387, 65),
(387, 75),
(388, 65),
(388, 75),
(389, 65),
(389, 75),
(391, 66),
(391, 89),
(392, 66),
(392, 89),
(394, 67),
(394, 172),
(395, 67),
(395, 172),
(397, 22),
(397, 120),
(398, 22),
(398, 120),
(399, 86),
(399, 109),
(399, 141),
(400, 86),
(400, 109),
(400, 141);

--
-- Indexes for dumped tables
--

--
-- Indexes for table `abilities`
--
ALTER TABLE `abilities`
  ADD PRIMARY KEY (`id`);

--
-- Indexes for table `pokemons`
--
ALTER TABLE `pokemons`
  ADD PRIMARY KEY (`id`);

--
-- Indexes for table `pokemon_abilities`
--
ALTER TABLE `pokemon_abilities`
  ADD PRIMARY KEY (`pokemon_id`,`ability_id`),
  ADD KEY `fk_ability` (`ability_id`);

--
-- AUTO_INCREMENT for dumped tables
--

--
-- AUTO_INCREMENT for table `abilities`
--
ALTER TABLE `abilities`
  MODIFY `id` int(11) NOT NULL AUTO_INCREMENT, AUTO_INCREMENT=275;

--
-- AUTO_INCREMENT for table `pokemons`
--
ALTER TABLE `pokemons`
  MODIFY `id` int(11) NOT NULL AUTO_INCREMENT, AUTO_INCREMENT=401;

--
-- Constraints for dumped tables
--

--
-- Constraints for table `pokemon_abilities`
--
ALTER TABLE `pokemon_abilities`
  ADD CONSTRAINT `fk_ability` FOREIGN KEY (`ability_id`) REFERENCES `abilities` (`id`) ON DELETE CASCADE,
  ADD CONSTRAINT `fk_pokemon` FOREIGN KEY (`pokemon_id`) REFERENCES `pokemons` (`id`) ON DELETE CASCADE;
COMMIT;

/*!40101 SET CHARACTER_SET_CLIENT=@OLD_CHARACTER_SET_CLIENT */;
/*!40101 SET CHARACTER_SET_RESULTS=@OLD_CHARACTER_SET_RESULTS */;
/*!40101 SET COLLATION_CONNECTION=@OLD_COLLATION_CONNECTION */;
